Sun Apr 27 14:12:17 UTC 2025 - 🚀 Keeping the streak alive! Commit 1
Sun Apr 27 14:12:27 UTC 2025 - ğŸ† Keeping the streak alive! Commit 2
Sun Apr 27 14:12:37 UTC 2025 - ğŸ¯ Keeping the streak alive! Commit 3
Sun Apr 27 14:12:47 UTC 2025 - 📈 Keeping the streak alive! Commit 4
Mon Apr 28 14:15:31 UTC 2025 - 🚀 Keeping the streak alive! Commit 1
Mon Apr 28 14:15:41 UTC 2025 - ğŸ˜ Keeping the streak alive! Commit 2
Mon Apr 28 14:15:51 UTC 2025 - 🔥 Keeping the streak alive! Commit 3
Mon Apr 28 14:16:01 UTC 2025 - ğŸ˜ Keeping the streak alive! Commit 4
Tue Apr 29 14:15:06 UTC 2025 - ğŸ† Keeping the streak alive! Commit 1
Tue Apr 29 14:15:16 UTC 2025 - ğŸ˜ Keeping the streak alive! Commit 2
Tue Apr 29 14:15:26 UTC 2025 - 🚀 Keeping the streak alive! Commit 3
Tue Apr 29 14:15:36 UTC 2025 - ğŸ˜ Keeping the streak alive! Commit 4
